date,close,balance_lots,WACP,est_margin_yi,collateral_yi,maintenance_ratio_pct,method,sample_size,is_full_window,code,name
20260528,17.600000381469727,8500,17.6,0.9,0.9,100.0,net_buy,1,False,6153,嘉聯益
20260529,17.899999618530273,8556,17.65,0.91,0.92,101.41,net_buy,2,False,6153,嘉聯益
20260601,18.5,8304,17.65,0.88,0.92,104.8,net_buy,3,False,6153,嘉聯益
20260602,19.0,8272,17.65,0.88,0.94,107.64,net_buy,4,False,6153,嘉聯益
20260603,19.600000381469727,8138,17.65,0.86,0.96,111.04,net_buy,5,False,6153,嘉聯益
20260604,18.450000762939453,8230,17.83,0.88,0.91,103.49,net_buy,6,False,6153,嘉聯益
20260605,18.5,8261,17.87,0.89,0.92,103.5,net_buy,7,False,6153,嘉聯益
20260608,20.350000381469727,9561,19.72,1.13,1.17,103.21,net_buy,8,False,6153,嘉聯益
20260609,20.5,8789,19.72,1.04,1.08,103.97,net_buy,9,False,6153,嘉聯益
20260610,20.75,9823,20.1,1.18,1.22,103.23,net_buy,10,False,6153,嘉聯益
20260611,20.299999237060547,10184,20.12,1.23,1.24,100.88,net_buy,11,False,6153,嘉聯益
20260612,22.25,11260,20.67,1.4,1.5,107.66,net_buy,12,False,6153,嘉聯益
20260615,24.450000762939453,12529,21.54,1.62,1.84,113.5,net_buy,13,False,6153,嘉聯益
20260616,23.100000381469727,11711,21.54,1.51,1.62,107.24,net_buy,14,False,6153,嘉聯益
20260617,24.399999618530273,12686,21.97,1.67,1.86,111.05,net_buy,15,False,6153,嘉聯益
20260618,24.450000762939453,12315,21.97,1.62,1.81,111.27,net_buy,16,False,6153,嘉聯益
20260622,23.950000762939453,13823,22.35,1.85,1.99,107.17,net_buy,17,False,6153,嘉聯益
20260623,24.299999237060547,14238,22.44,1.92,2.08,108.27,net_buy,18,False,6153,嘉聯益
20260624,23.25,13886,22.44,1.87,1.94,103.59,net_buy,19,False,6153,嘉聯益
20260625,22.649999618530273,13306,22.44,1.79,1.81,100.92,net_buy,20,False,6153,嘉聯益
20260626,21.75,13204,22.44,1.78,1.72,96.91,net_buy,21,False,6153,嘉聯益
20260629,20.799999237060547,12848,22.44,1.73,1.6,92.68,net_buy,22,False,6153,嘉聯益
20260630,21.450000762939453,13189,22.4,1.77,1.7,95.74,net_buy,23,False,6153,嘉聯益
20260701,20.299999237060547,13260,22.39,1.78,1.62,90.68,net_buy,24,False,6153,嘉聯益
20260702,20.75,13250,22.39,1.78,1.65,92.69,net_buy,25,False,6153,嘉聯益
20260703,20.399999618530273,13458,22.34,1.8,1.65,91.31,net_buy,26,False,6153,嘉聯益
20260706,20.549999237060547,13583,22.32,1.82,1.67,92.08,net_buy,27,False,6153,嘉聯益
20260707,19.850000381469727,14019,22.2,1.87,1.67,89.4,net_buy,28,False,6153,嘉聯益
20260708,20.049999237060547,14226,22.16,1.89,1.71,90.48,net_buy,29,False,6153,嘉聯益
20260709,19.700000762939453,14273,22.15,1.9,1.69,88.95,net_buy,30,True,6153,嘉聯益
20260713,19.049999237060547,14203,22.27,1.9,1.62,85.52,net_buy,30,True,6153,嘉聯益
20260714,18.450000762939453,14093,22.3,1.89,1.56,82.73,net_buy,30,True,6153,嘉聯益
20260715,18.700000762939453,14060,22.3,1.88,1.58,83.85,net_buy,30,True,6153,嘉聯益
20260716,18.200000762939453,14217,22.23,1.9,1.55,81.86,net_buy,30,True,6153,嘉聯益
20260717,16.950000762939453,13973,22.23,1.86,1.42,76.23,net_buy,30,True,6153,嘉聯益
20260720,16.399999618530273,14186,22.14,1.88,1.4,74.07,net_buy,30,True,6153,嘉聯益
20260528,44.62659454345703,20053,44.63,5.37,5.37,100.0,net_buy,1,False,1301,台塑
20260529,47.0040397644043,19396,44.63,5.19,5.47,105.33,net_buy,2,False,1301,台塑
20260601,49.53007507324219,20659,47.28,5.86,6.14,104.76,net_buy,3,False,1301,台塑
20260602,50.42161560058594,20541,47.28,5.83,6.21,106.65,net_buy,4,False,1301,台塑
20260603,51.51127624511719,18565,47.28,5.27,5.74,108.95,net_buy,5,False,1301,台塑
20260604,50.32255554199219,16400,47.28,4.65,4.95,106.44,net_buy,6,False,1301,台塑
20260605,48.44041442871094,16521,47.34,4.69,4.8,102.33,net_buy,7,False,1301,台塑
20260608,45.41907501220703,16663,47.23,4.72,4.54,96.16,net_buy,8,False,1301,台塑
20260609,45.12189483642578,17138,46.91,4.82,4.64,96.2,net_buy,9,False,1301,台塑
20260610,43.98270797729492,17598,46.52,4.91,4.64,94.54,net_buy,10,False,1301,台塑
20260611,43.388343811035156,18618,45.82,5.12,4.85,94.69,net_buy,11,False,1301,台塑
20260612,44.8247184753418,18148,45.82,4.99,4.88,97.82,net_buy,12,False,1301,台塑
20260615,46.8059196472168,17653,45.82,4.85,4.96,102.15,net_buy,13,False,1301,台塑
20260616,46.31061935424805,17525,45.82,4.82,4.87,101.07,net_buy,14,False,1301,台塑
20260617,47.49934005737305,17335,45.82,4.77,4.94,103.66,net_buy,15,False,1301,台塑
20260618,51.21409606933594,18951,47.24,5.37,5.82,108.4,net_buy,16,False,1301,台塑
20260622,51.90752029418945,19070,47.33,5.42,5.94,109.66,net_buy,17,False,1301,台塑
20260623,49.08430099487305,19204,47.37,5.46,5.66,103.62,net_buy,18,False,1301,台塑
20260624,53.9877815246582,22794,49.74,6.8,7.38,108.54,net_buy,19,False,1301,台塑
20260625,57.45488739013672,25043,51.15,7.69,8.63,112.32,net_buy,20,False,1301,台塑
20260626,51.70939636230469,20906,51.15,6.42,6.49,101.09,net_buy,21,False,1301,台塑
20260629,52.70000076293945,20032,51.15,6.15,6.33,103.03,net_buy,22,False,1301,台塑
20260630,54.5,20337,51.23,6.25,6.65,106.38,net_buy,23,False,1301,台塑
20260701,54.29999923706055,20425,51.25,6.28,6.65,105.94,net_buy,24,False,1301,台塑
20260702,59.70000076293945,33231,55.5,11.07,11.9,107.57,net_buy,25,False,1301,台塑
20260703,62.099998474121094,29799,55.5,9.92,11.1,111.89,net_buy,26,False,1301,台塑
20260706,60.400001525878906,26101,55.5,8.69,9.46,108.83,net_buy,27,False,1301,台塑
20260707,57.29999923706055,24385,55.5,8.12,8.38,103.24,net_buy,28,False,1301,台塑
20260708,58.0,24855,55.55,8.28,8.65,104.42,net_buy,29,False,1301,台塑
20260709,54.79999923706055,24792,55.55,8.26,8.15,98.66,net_buy,30,True,1301,台塑
20260713,60.20000076293945,26443,56.28,8.93,9.55,106.97,net_buy,30,True,1301,台塑
20260714,63.599998474121094,27380,56.53,9.29,10.45,112.51,net_buy,30,True,1301,台塑
20260715,65.69999694824219,27691,56.97,9.46,10.92,115.33,net_buy,30,True,1301,台塑
20260716,65.5999984741211,27150,56.97,9.28,10.69,115.15,net_buy,30,True,1301,台塑
20260717,62.79999923706055,26395,56.97,9.02,9.95,110.24,net_buy,30,True,1301,台塑
20260720,60.599998474121094,26048,56.97,8.9,9.47,106.38,net_buy,30,True,1301,台塑
20260528,50.21217346191406,33339,50.21,10.04,10.04,100.0,net_buy,1,False,2609,陽明
20260529,50.59621047973633,32835,50.21,9.89,9.97,100.76,net_buy,2,False,2609,陽明
20260601,52.7083854675293,34580,52.67,10.93,10.94,100.08,net_buy,3,False,2609,陽明
20260602,51.46027755737305,33559,52.67,10.6,10.36,97.71,net_buy,4,False,2609,陽明
20260603,51.55628967285156,33534,52.67,10.6,10.37,97.89,net_buy,5,False,2609,陽明
20260604,51.07624816894531,34174,52.24,10.71,10.47,97.76,net_buy,6,False,2609,陽明
20260605,52.3243522644043,33985,52.24,10.65,10.67,100.15,net_buy,7,False,2609,陽明
20260608,49.63612747192383,34916,51.52,10.79,10.4,96.35,net_buy,8,False,2609,陽明
20260609,49.54011917114258,35106,51.41,10.83,10.43,96.36,net_buy,9,False,2609,陽明
20260610,48.580039978027344,35937,50.87,10.97,10.47,95.49,net_buy,10,False,2609,陽明
20260611,49.06007766723633,37236,50.46,11.27,10.96,97.23,net_buy,11,False,2609,陽明
20260612,50.30818557739258,37239,50.46,11.27,11.24,99.7,net_buy,12,False,2609,陽明
20260615,49.156089782714844,39066,50.14,11.75,11.52,98.04,net_buy,13,False,2609,陽明
20260616,48.964073181152344,38313,50.14,11.53,11.26,97.65,net_buy,14,False,2609,陽明
20260617,49.54011917114258,37521,50.14,11.29,11.15,98.8,net_buy,15,False,2609,陽明
20260618,49.25209426879883,37510,50.14,11.28,11.08,98.23,net_buy,16,False,2609,陽明
20260622,50.21217346191406,36323,50.14,10.93,10.94,100.14,net_buy,17,False,2609,陽明
20260623,49.25209426879883,36790,50.09,11.06,10.87,98.33,net_buy,18,False,2609,陽明
20260624,49.54011917114258,36460,50.09,10.96,10.84,98.91,net_buy,19,False,2609,陽明
20260625,49.348106384277344,36252,50.09,10.89,10.73,98.52,net_buy,20,False,2609,陽明
20260626,48.099998474121094,36300,50.08,10.91,10.48,96.05,net_buy,21,False,2609,陽明
20260629,49.348106384277344,36166,50.08,10.87,10.71,98.55,net_buy,22,False,2609,陽明
20260630,49.92415237426758,36007,50.08,10.82,10.79,99.7,net_buy,23,False,2609,陽明
20260701,48.676048278808594,36587,49.98,10.97,10.69,97.39,net_buy,24,False,2609,陽明
20260702,48.964073181152344,37269,49.91,11.16,10.95,98.11,net_buy,25,False,2609,陽明
20260703,50.30818557739258,36641,49.91,10.97,11.06,100.8,net_buy,26,False,2609,陽明
20260706,50.88423156738281,35982,49.91,10.77,10.99,101.96,net_buy,27,False,2609,陽明
20260707,49.06007766723633,36208,49.89,10.84,10.66,98.34,net_buy,28,False,2609,陽明
20260708,50.21217346191406,35885,49.89,10.74,10.81,100.65,net_buy,29,False,2609,陽明
20260709,49.54011917114258,35597,49.89,10.65,10.58,99.3,net_buy,30,True,2609,陽明
20260713,48.099998474121094,35892,49.83,10.73,10.36,96.52,net_buy,30,True,2609,陽明
20260714,48.0,36497,49.73,10.89,10.51,96.53,net_buy,30,True,2609,陽明
20260715,50.20000076293945,35577,49.12,10.49,10.72,102.2,net_buy,30,True,2609,陽明
20260716,50.20000076293945,35341,49.12,10.42,10.64,102.2,net_buy,30,True,2609,陽明
20260717,49.20000076293945,34495,49.12,10.17,10.18,100.16,net_buy,30,True,2609,陽明
20260720,49.0,34422,48.96,10.11,10.12,100.07,net_buy,30,True,2609,陽明
